{
  "story_id": "10",
  "num_objects": 16,
  "top_k": 3,
  "high_conf_threshold": 0.7,
  "conf_thresh_for_review": 0.5,
  "review_margin_thresh": 0.05,
  "mean_top1_total": 0.4235502519428881,
  "mean_top1_sim_name": 0.4767267121660881,
  "mean_top1_sim_group": 0.4589797802699217,
  "mean_top1_sim_super": 0.2224557753327974,
  "mean_top1_sim_afford": 0.25247384245587834,
  "mean_margin_top1_top2": 0.018767559914485032,
  "mean_margin_top1_top3": 0.029365419996993318,
  "pct_high_conf_at_1": 0.0,
  "result_diversity": 0.8125,
  "needs_review_count": 14,
  "pct_needs_review": 0.875,
  "afford_expect_known": 8,
  "afford_expect_match": 3,
  "afford_expect_match_rate": 0.375
}