{
  "story_id": "2",
  "num_objects": 21,
  "top_k": 3,
  "high_conf_threshold": 0.7,
  "conf_thresh_for_review": 0.5,
  "review_margin_thresh": 0.05,
  "mean_top1_total": 0.40546873654133603,
  "mean_top1_sim_name": 0.4612577386801115,
  "mean_top1_sim_group": 0.43185340344852546,
  "mean_top1_sim_super": 0.23892403148022157,
  "mean_top1_sim_afford": 0.2139144301870047,
  "mean_margin_top1_top2": 0.0183097334117098,
  "mean_margin_top1_top3": 0.03377570610565816,
  "pct_high_conf_at_1": 0.0,
  "result_diversity": 0.8571428571428571,
  "needs_review_count": 20,
  "pct_needs_review": 0.9523809523809523,
  "afford_expect_known": 11,
  "afford_expect_match": 3,
  "afford_expect_match_rate": 0.2727272727272727
}