{
  "story_id": "3",
  "num_objects": 17,
  "top_k": 3,
  "high_conf_threshold": 0.7,
  "conf_thresh_for_review": 0.5,
  "review_margin_thresh": 0.05,
  "mean_top1_total": 0.40055258278429806,
  "mean_top1_sim_name": 0.43943831330650723,
  "mean_top1_sim_group": 0.4330741469652903,
  "mean_top1_sim_super": 0.29145173702583543,
  "mean_top1_sim_afford": 0.217660083388738,
  "mean_margin_top1_top2": 0.021569025797424004,
  "mean_margin_top1_top3": 0.03095887608927796,
  "pct_high_conf_at_1": 0.0,
  "result_diversity": 0.8823529411764706,
  "needs_review_count": 17,
  "pct_needs_review": 1.0,
  "afford_expect_known": 7,
  "afford_expect_match": 2,
  "afford_expect_match_rate": 0.2857142857142857
}