{
  "story_id": "4",
  "num_objects": 16,
  "top_k": 3,
  "high_conf_threshold": 0.7,
  "conf_thresh_for_review": 0.5,
  "review_margin_thresh": 0.05,
  "mean_top1_total": 0.4152184331887948,
  "mean_top1_sim_name": 0.47032229445804613,
  "mean_top1_sim_group": 0.4393696441986356,
  "mean_top1_sim_super": 0.23387158298213037,
  "mean_top1_sim_afford": 0.24859234401968053,
  "mean_margin_top1_top2": 0.030691748351671794,
  "mean_margin_top1_top3": 0.03963686512425374,
  "pct_high_conf_at_1": 0.0,
  "result_diversity": 0.8125,
  "needs_review_count": 15,
  "pct_needs_review": 0.9375,
  "afford_expect_known": 5,
  "afford_expect_match": 2,
  "afford_expect_match_rate": 0.4
}