{
  "story_id": "6",
  "num_objects": 15,
  "top_k": 3,
  "high_conf_threshold": 0.7,
  "conf_thresh_for_review": 0.5,
  "review_margin_thresh": 0.05,
  "mean_top1_total": 0.413196687112471,
  "mean_top1_sim_name": 0.46103829730095397,
  "mean_top1_sim_group": 0.43168289266426235,
  "mean_top1_sim_super": 0.2989664679625804,
  "mean_top1_sim_afford": 0.23276023866457227,
  "mean_margin_top1_top2": 0.026404672409415946,
  "mean_margin_top1_top3": 0.031210677523639242,
  "pct_high_conf_at_1": 0.0,
  "result_diversity": 0.8666666666666667,
  "needs_review_count": 13,
  "pct_needs_review": 0.8666666666666667,
  "afford_expect_known": 10,
  "afford_expect_match": 4,
  "afford_expect_match_rate": 0.4
}