{
  "story_id": "9",
  "num_objects": 16,
  "top_k": 3,
  "high_conf_threshold": 0.7,
  "conf_thresh_for_review": 0.5,
  "review_margin_thresh": 0.05,
  "mean_top1_total": 0.4323375629970697,
  "mean_top1_sim_name": 0.4845634009834469,
  "mean_top1_sim_group": 0.4862745947894424,
  "mean_top1_sim_super": 0.2625068394563706,
  "mean_top1_sim_afford": 0.17922800122876503,
  "mean_margin_top1_top2": 0.01602032909862853,
  "mean_margin_top1_top3": 0.0363914099142221,
  "pct_high_conf_at_1": 0.0625,
  "result_diversity": 0.8125,
  "needs_review_count": 16,
  "pct_needs_review": 1.0,
  "afford_expect_known": 8,
  "afford_expect_match": 3,
  "afford_expect_match_rate": 0.375
}